{"header":{"name":"00000000","width":26,"height":13},"settings":{"theme":"World_1","background":"01_CH","music":"PlainsMusicC","thumbnailX":15,"thumbnailY":5,"goalScore":14600,"pipeSkin":0,"rivetSkin":0},"cameraIntro":null,"helpData":[],"tileGrid":[[1,0,0,0,0,0,0,0,0,0,0,0,0,0,0,0,0,0,0,0,0,0,0,0,0,1],[1,0,0,0,0,0,0,0,0,0,0,0,0,0,0,0,0,0,0,0,0,0,0,0,0,1],[1,0,0,0,0,0,0,0,0,0,0,0,0,0,0,0,0,0,0,0,0,0,0,0,0,1],[1,0,0,0,0,0,0,0,0,0,0,0,0,0,0,0,0,0,0,0,0,1,1,1,1,1],[1,0,0,0,0,1,1,1,0,0,0,0,1,0,0,0,0,0,0,0,0,0,0,0,0,1],[1,0,0,0,0,0,0,0,0,0,0,0,1,0,0,0,0,0,0,0,0,0,0,0,0,1],[1,0,0,0,0,0,0,0,0,0,0,0,1,0,0,0,0,0,0,0,0,0,0,0,0,1],[1,0,0,0,0,0,0,0,0,0,0,0,1,1,1,1,10,0,0,0,10,1,1,1,1,1],[1,0,0,0,0,0,0,0,0,0,0,0,0,0,0,0,0,0,0,0,0,0,0,0,0,1],[1,0,0,0,0,0,0,0,0,0,0,0,0,0,0,0,0,0,0,0,0,0,0,0,0,1],[1,0,0,0,0,0,0,0,0,0,0,0,0,0,0,0,0,0,0,0,0,0,0,0,0,1],[1,1,1,1,1,0,0,0,1,1,1,1,1,1,1,1,10,0,0,0,10,1,1,1,1,1],[1,1,1,1,1,9,9,9,1,1,1,1,1,1,1,1,1,9,9,9,1,1,1,1,1,1]],"entities":[{"type":"Pickup","instances":[{"subtype":"CoinM","instances":[{"posx":13,"posy":6,"facing":1,"data":{}}]}]},{"type":"MiniToy","instances":[{"subtype":"Mario","instances":[{"posx":46,"posy":22,"facing":-1,"data":{}},{"posx":6,"posy":22,"facing":1,"data":{}}]}]},{"type":"Door","instances":[{"subtype":"Normal","instances":[{"posx":46,"posy":6,"facing":1,"data":{}}]}]},{"type":"Shyguy","instances":[{"subtype":"Normal","instances":[{"posx":25,"posy":22,"facing":1,"data":{}}]}]}]}