{"header":{"name":"01000000","width":38,"height":13},"settings":{"theme":"World_4","background":"04_UC","music":"UnderGrndMusicA","thumbnailX":28,"thumbnailY":0,"goalScore":14600,"pipeSkin":0,"rivetSkin":0},"cameraIntro":null,"helpData":[],"tileGrid":[[1,1,0,0,0,0,0,0,0,0,0,0,0,0,0,0,0,0,0,0,0,0,0,0,0,0,0,0,0,0,0,0,0,0,1,1,1,1],[1,1,0,0,0,0,0,0,0,0,0,0,0,0,0,0,0,0,0,0,0,0,0,0,0,0,0,0,0,0,0,0,0,0,0,0,0,0],[0,0,0,0,0,0,0,0,0,0,0,0,0,0,0,0,0,0,0,1,1,1,1,0,0,0,0,0,0,0,0,0,0,0,0,0,0,0],[0,0,0,0,0,0,0,0,0,0,0,0,0,0,0,0,0,0,0,0,0,0,0,0,0,0,0,0,0,0,0,0,1,1,1,1,1,1],[1,1,1,1,1,1,138,0,0,0,138,1,1,0,0,0,0,0,0,0,0,0,0,0,0,0,0,0,0,0,0,0,0,0,1,1,1,1],[1,1,0,0,0,0,0,0,0,0,1,1,1,0,0,0,0,0,0,0,0,0,0,0,0,0,0,0,0,0,0,0,0,0,1,1,1,1],[1,1,0,0,0,0,0,0,0,0,1,1,1,0,0,0,0,0,0,0,0,0,0,0,0,0,0,0,0,0,0,0,0,0,1,1,1,1],[1,1,0,0,0,0,1,1,1,1,1,1,1,0,0,0,1,1,1,138,0,0,138,1,1,1,0,0,0,1,1,1,0,0,1,1,1,1],[1,1,0,0,0,0,0,0,0,0,0,0,0,0,0,0,0,0,0,0,0,0,0,0,0,0,0,0,0,0,0,0,0,0,0,0,0,0],[0,0,0,0,0,0,0,0,0,0,0,0,0,0,0,0,0,0,0,0,0,0,0,0,0,0,0,0,0,0,0,0,0,0,0,0,0,0],[0,0,0,0,0,0,0,0,0,0,0,0,0,0,0,0,0,0,0,0,0,0,0,0,0,0,0,0,0,0,0,0,0,0,0,0,0,0],[1,1,1,1,1,1,1,1,1,1,1,1,1,0,0,0,1,1,1,1,1,1,1,1,1,1,0,0,0,1,1,1,1,1,1,1,1,1],[1,1,1,1,1,1,1,1,1,1,1,1,1,9,9,9,1,1,1,1,1,1,1,1,1,1,9,9,9,1,1,1,1,1,1,1,1,1]],"entities":[{"type":"Pickup","instances":[{"subtype":"CoinM","instances":[{"posx":42,"posy":2,"facing":1,"data":{}}]}]},{"type":"MiniToy","instances":[{"subtype":"Mario","instances":[{"posx":10,"posy":8,"facing":1,"data":{}},{"posx":17,"posy":22,"facing":1,"data":{}},{"posx":61,"posy":14,"facing":-1,"data":{"hasKey":false,"isCapsule":false}}]}]},{"type":"Door","instances":[{"subtype":"Normal","instances":[{"posx":72,"posy":22,"facing":1,"data":{}}]}]},{"type":"Pipe","instances":[{"subtype":"Normal","instances":[{"posx":0,"posy":-22,"facing":1,"data":{"startOpaque":true,"groupId":0,"pipeData":{"points":[{"posx":4,"posy":6},{"posx":0,"posy":6}],"color":"Yellow","split":true}}},{"posx":0,"posy":-22,"facing":1,"data":{"startOpaque":true,"groupId":0,"pipeData":{"points":[{"posx":4,"posy":20},{"posx":0,"posy":20}],"color":"Yellow","split":true}}},{"posx":0,"posy":-22,"facing":1,"data":{"startOpaque":true,"groupId":1,"pipeData":{"points":[{"posx":42,"posy":22},{"posx":42,"posy":26}],"color":"Red","split":true}}},{"posx":0,"posy":-22,"facing":1,"data":{"startOpaque":true,"groupId":1,"pipeData":{"points":[{"posx":68,"posy":4},{"posx":76,"posy":4}],"color":"Red","split":true}}}]}]}]}