{"header":{"name":"02000000","width":34,"height":20},"settings":{"theme":"World_6","background":"08_SSW","music":"PartyMusicC","thumbnailX":24,"thumbnailY":8,"goalScore":14600,"pipeSkin":0,"rivetSkin":0},"cameraIntro":null,"helpData":[],"tileGrid":[[1,1,1,1,1,1,1,1,1,1,1,1,1,1,1,1,1,1,1,1,1,1,1,1,1,1,1,1,1,1,1,1,1,1],[1,0,0,0,0,0,0,0,0,0,0,0,0,0,0,0,0,0,0,0,0,0,0,0,0,0,0,0,1,1,1,1,1,1],[1,0,0,0,0,0,0,0,0,0,0,0,0,0,0,0,0,0,0,0,0,0,0,0,0,0,0,0,0,44,0,0,0,1],[1,0,0,0,0,0,0,0,0,0,0,0,0,0,0,0,0,0,0,0,1,1,1,1,0,0,0,0,0,44,0,0,0,1],[1,0,0,0,0,0,0,0,0,0,0,0,0,0,0,0,0,0,0,0,0,0,0,0,0,0,0,0,0,44,0,0,0,1],[1,1,1,1,1,0,0,0,0,1,1,1,1,0,0,0,0,0,0,0,0,0,0,0,0,0,0,0,1,1,1,1,1,1],[1,1,1,1,1,0,0,0,0,1,1,1,1,0,0,0,0,0,0,0,0,0,0,0,0,0,0,0,1,1,1,1,1,1],[1,1,1,1,1,0,0,0,0,1,1,1,1,0,0,0,0,0,0,0,0,0,0,0,0,0,0,0,1,1,1,1,1,1],[1,0,0,0,108,0,0,0,0,0,0,0,0,0,0,0,0,0,0,0,0,0,0,0,0,0,0,0,1,1,1,1,1,1],[1,0,0,0,108,0,0,0,0,0,0,0,0,0,0,0,0,0,0,0,0,0,0,0,0,0,0,0,0,0,0,0,0,1],[1,0,0,0,108,0,0,0,0,0,0,0,0,0,0,0,0,1,1,1,0,0,0,0,0,0,0,0,0,0,0,0,0,1],[1,1,1,1,1,0,0,0,0,1,1,1,1,0,0,0,0,1,1,1,0,0,0,0,0,0,0,0,0,0,0,0,0,1],[1,1,1,1,1,0,0,0,0,0,0,0,0,0,0,0,0,0,0,0,0,0,0,0,0,0,0,0,0,0,0,0,0,1],[1,1,1,1,1,0,0,0,0,0,0,0,0,0,0,0,0,0,0,0,0,0,0,0,0,0,0,0,0,0,0,0,0,1],[1,1,1,1,1,0,0,0,0,0,0,0,0,0,0,0,0,1,1,1,0,0,0,0,1,1,1,1,0,0,0,1,1,1],[1,0,0,0,0,234,234,234,234,1,1,1,1,0,0,0,0,0,0,0,0,0,0,0,0,0,0,0,0,0,0,1,1,1],[1,0,0,0,0,234,234,234,234,1,1,1,1,0,0,0,0,0,0,0,0,0,0,0,0,0,0,0,0,0,0,1,1,1],[1,0,0,0,0,234,234,234,234,1,1,1,1,0,0,0,0,0,0,0,0,0,0,0,0,0,0,0,0,0,0,1,1,1],[1,1,1,1,1,202,202,202,202,1,1,1,1,1,1,1,1,1,1,1,0,0,0,0,1,1,1,1,1,1,1,1,1,1],[1,1,1,1,1,9,9,9,9,1,1,1,1,1,1,1,1,1,1,1,9,9,9,9,1,1,1,1,1,1,1,1,1,1]],"entities":[{"type":"Pickup","instances":[{"subtype":"CoinM","instances":[{"posx":63,"posy":8,"facing":1,"data":{}}]}]},{"type":"MiniToy","instances":[{"subtype":"Mario","instances":[{"posx":22,"posy":30,"facing":1,"data":{}},{"posx":5,"posy":36,"facing":1,"data":{"hasKey":false,"isCapsule":false}},{"posx":5,"posy":22,"facing":1,"data":{"hasKey":false,"isCapsule":false}},{"posx":53,"posy":36,"facing":-1,"data":{"hasKey":false,"isCapsule":false}}]}]},{"type":"Door","instances":[{"subtype":"Normal","instances":[{"posx":37,"posy":20,"facing":1,"data":{}}]}]},{"type":"CannonKong","instances":[{"subtype":"Normal","instances":[{"posx":53,"posy":28,"facing":-1,"data":{"facing":1}}]}]},{"type":"ColorSwitch","instances":[{"subtype":"Red","instances":[{"posx":22,"posy":10,"facing":1,"data":{}}]},{"subtype":"Blue","instances":[{"posx":64,"posy":28,"facing":1,"data":{}}]}]},{"type":"Hammer","instances":[{"subtype":"Normal","instances":[{"posx":37,"posy":26,"facing":1,"data":{}}]}]}]}