{"versionString":{"Signature":""},"applicationData":{"_playerStatus":{"_totalCoinCount":79560,"_costumes":{"_costumes":[true,true,true,true,true,true,true,true,true,true,true,true,false,true,true,true,true,true,true,true,true,true,true,true,true,true,true,true,true,true],"_nowCostume":[1,16],"_count":29,"_isUse2PCostume":false},"_shopVisited":true,"_shopCostumePurchased":true,"_airplaneTicketCount":2,"_stackedPropCount":741,"_alienHuntCount":380,"_lastLoginDateTime":{"Year":2023,"Month":10,"Day":5,"Hour":23,"Minute":57,"Second":51,"Millisecond":575},"_continuousLoginDayCount":3,"_hasCleared":true,"_isClearCheckerBrowsed":true,"_isMedalComplete":false,"_fittingVisited":true,"_hasTreasureIslandOpened":true,"_isPlayedShowMagazineGetDemo":true,"_hasTicketPurchaseDemoPlayed":true,"_isEndlessNewRecord":true,"_isReceivedEndlessReward":true,"_isReceivedTreasureIslandReward":true,"_hasTreasureIslandDemo":true},"_endlessHighScore":{"_singleRecords":[{"_isDummy":false,"_height":39.45529556274414,"_isDefault":false,"_costumeKind":1,"_isUse2PCostume":false},{"_isDummy":true,"_height":18.0,"_isDefault":true,"_costumeKind":16,"_isUse2PCostume":false},{"_isDummy":true,"_height":16.0,"_isDefault":true,"_costumeKind":16,"_isUse2PCostume":false},{"_isDummy":false,"_height":12.612425804138184,"_isDefault":false,"_costumeKind":1,"_isUse2PCostume":false},{"_isDummy":true,"_height":12.0,"_isDefault":true,"_costumeKind":16,"_isUse2PCostume":false},{"_isDummy":false,"_height":11.80979061126709,"_isDefault":false,"_costumeKind":1,"_isUse2PCostume":false}],"_multiRecords":[{"_isDummy":true,"_height":18.0,"_isDefault":true,"_costumeKinds":[16,16]},{"_isDummy":true,"_height":16.0,"_isDefault":true,"_costumeKinds":[16,16]},{"_isDummy":true,"_height":12.0,"_isDefault":true,"_costumeKinds":[16,16]},{"_isDummy":true,"_height":10.0,"_isDefault":true,"_costumeKinds":[16,16]},{"_isDummy":true,"_height":8.0,"_isDefault":true,"_costumeKinds":[16,16]},{"_isDummy":true,"_height":5.0,"_isDefault":true,"_costumeKinds":[16,16]}],"_gottenMedals":{"IsGottenMedal00":true,"IsGottenMedal01":true,"IsGottenMedal02":false},"_isPlayed":true},"_sequenceStatus":{"_isValidLastPlayPlayableScene":true,"_lastPlayPlayableScene":56,"_isTimeupTutorialDone":true,"_isShareExplainDone":true,"_isFirstBootDone":true},"_challengeStatus":{"_dataList":[{"IsPlayed":true,"IsPlayedEx":true,"IsCleared":true,"IsClearedEx":true,"IsGottenMedal00":true,"IsGottenMedal01":true,"IsGottenMedal02":true,"IsGottenTriple":true,"HighScore":2535,"HighScoreEx":2470,"IsShowedEx":true},{"IsPlayed":true,"IsPlayedEx":true,"IsCleared":true,"IsClearedEx":true,"IsGottenMedal00":true,"IsGottenMedal01":true,"IsGottenMedal02":true,"IsGottenTriple":true,"HighScore":2830,"HighScoreEx":2350,"IsShowedEx":true},{"IsPlayed":true,"IsPlayedEx":true,"IsCleared":true,"IsClearedEx":true,"IsGottenMedal00":true,"IsGottenMedal01":true,"IsGottenMedal02":true,"IsGottenTriple":true,"HighScore":4550,"HighScoreEx":2250,"IsShowedEx":true},{"IsPlayed":true,"IsPlayedEx":true,"IsCleared":true,"IsClearedEx":true,"IsGottenMedal00":true,"IsGottenMedal01":true,"IsGottenMedal02":true,"IsGottenTriple":true,"HighScore":3325,"HighScoreEx":1000,"IsShowedEx":true},{"IsPlayed":true,"IsPlayedEx":true,"IsCleared":true,"IsClearedEx":true,"IsGottenMedal00":true,"IsGottenMedal01":true,"IsGottenMedal02":true,"IsGottenTriple":true,"HighScore":3080,"HighScoreEx":1500,"IsShowedEx":true},{"IsPlayed":true,"IsPlayedEx":true,"IsCleared":true,"IsClearedEx":true,"IsGottenMedal00":true,"IsGottenMedal01":true,"IsGottenMedal02":true,"IsGottenTriple":true,"HighScore":3755,"HighScoreEx":1000,"IsShowedEx":true},{"IsPlayed":true,"IsPlayedEx":true,"IsCleared":true,"IsClearedEx":true,"IsGottenMedal00":true,"IsGottenMedal01":true,"IsGottenMedal02":true,"IsGottenTriple":true,"HighScore":2595,"HighScoreEx":3165,"IsShowedEx":true},{"IsPlayed":true,"IsPlayedEx":true,"IsCleared":true,"IsClearedEx":true,"IsGottenMedal00":true,"IsGottenMedal01":true,"IsGottenMedal02":true,"IsGottenTriple":true,"HighScore":7500,"HighScoreEx":3000,"IsShowedEx":true},{"IsPlayed":true,"IsPlayedEx":true,"IsCleared":true,"IsClearedEx":true,"IsGottenMedal00":true,"IsGottenMedal01":true,"IsGottenMedal02":true,"IsGottenTriple":true,"HighScore":3760,"HighScoreEx":2265,"IsShowedEx":true},{"IsPlayed":true,"IsPlayedEx":true,"IsCleared":true,"IsClearedEx":true,"IsGottenMedal00":true,"IsGottenMedal01":true,"IsGottenMedal02":true,"IsGottenTriple":true,"HighScore":3430,"HighScoreEx":2590,"IsShowedEx":true},{"IsPlayed":true,"IsPlayedEx":true,"IsCleared":true,"IsClearedEx":true,"IsGottenMedal00":true,"IsGottenMedal01":true,"IsGottenMedal02":true,"IsGottenTriple":true,"HighScore":3070,"HighScoreEx":1500,"IsShowedEx":true},{"IsPlayed":true,"IsPlayedEx":true,"IsCleared":true,"IsClearedEx":true,"IsGottenMedal00":true,"IsGottenMedal01":true,"IsGottenMedal02":true,"IsGottenTriple":true,"HighScore":4015,"HighScoreEx":1000,"IsShowedEx":true},{"IsPlayed":true,"IsPlayedEx":true,"IsCleared":true,"IsClearedEx":true,"IsGottenMedal00":true,"IsGottenMedal01":true,"IsGottenMedal02":true,"IsGottenTriple":true,"HighScore":3145,"HighScoreEx":2830,"IsShowedEx":true},{"IsPlayed":true,"IsPlayedEx":true,"IsCleared":true,"IsClearedEx":true,"IsGottenMedal00":true,"IsGottenMedal01":true,"IsGottenMedal02":true,"IsGottenTriple":true,"HighScore":3910,"HighScoreEx":500,"IsShowedEx":true},{"IsPlayed":true,"IsPlayedEx":true,"IsCleared":true,"IsClearedEx":true,"IsGottenMedal00":true,"IsGottenMedal01":true,"IsGottenMedal02":true,"IsGottenTriple":true,"HighScore":3155,"HighScoreEx":3005,"IsShowedEx":true},{"IsPlayed":true,"IsPlayedEx":true,"IsCleared":true,"IsClearedEx":true,"IsGottenMedal00":true,"IsGottenMedal01":true,"IsGottenMedal02":true,"IsGottenTriple":true,"HighScore":2835,"HighScoreEx":2920,"IsShowedEx":true},{"IsPlayed":true,"IsPlayedEx":true,"IsCleared":true,"IsClearedEx":true,"IsGottenMedal00":true,"IsGottenMedal01":true,"IsGottenMedal02":true,"IsGottenTriple":true,"HighScore":3265,"HighScoreEx":1500,"IsShowedEx":true},{"IsPlayed":true,"IsPlayedEx":true,"IsCleared":true,"IsClearedEx":true,"IsGottenMedal00":true,"IsGottenMedal01":true,"IsGottenMedal02":true,"IsGottenTriple":true,"HighScore":3230,"HighScoreEx":2330,"IsShowedEx":true},{"IsPlayed":true,"IsPlayedEx":true,"IsCleared":true,"IsClearedEx":true,"IsGottenMedal00":true,"IsGottenMedal01":true,"IsGottenMedal02":true,"IsGottenTriple":true,"HighScore":3385,"HighScoreEx":3810,"IsShowedEx":true},{"IsPlayed":true,"IsPlayedEx":true,"IsCleared":true,"IsClearedEx":true,"IsGottenMedal00":true,"IsGottenMedal01":true,"IsGottenMedal02":true,"IsGottenTriple":true,"HighScore":3465,"HighScoreEx":3245,"IsShowedEx":true},{"IsPlayed":true,"IsPlayedEx":true,"IsCleared":true,"IsClearedEx":true,"IsGottenMedal00":true,"IsGottenMedal01":true,"IsGottenMedal02":true,"IsGottenTriple":true,"HighScore":3860,"HighScoreEx":3010,"IsShowedEx":true},{"IsPlayed":true,"IsPlayedEx":true,"IsCleared":true,"IsClearedEx":true,"IsGottenMedal00":true,"IsGottenMedal01":true,"IsGottenMedal02":true,"IsGottenTriple":true,"HighScore":3515,"HighScoreEx":2060,"IsShowedEx":true},{"IsPlayed":true,"IsPlayedEx":true,"IsCleared":true,"IsClearedEx":true,"IsGottenMedal00":true,"IsGottenMedal01":true,"IsGottenMedal02":true,"IsGottenTriple":true,"HighScore":3390,"HighScoreEx":2445,"IsShowedEx":true},{"IsPlayed":true,"IsPlayedEx":true,"IsCleared":true,"IsClearedEx":true,"IsGottenMedal00":true,"IsGottenMedal01":true,"IsGottenMedal02":true,"IsGottenTriple":true,"HighScore":3750,"HighScoreEx":2590,"IsShowedEx":true},{"IsPlayed":true,"IsPlayedEx":true,"IsCleared":true,"IsClearedEx":true,"IsGottenMedal00":true,"IsGottenMedal01":true,"IsGottenMedal02":true,"IsGottenTriple":true,"HighScore":4805,"HighScoreEx":7445,"IsShowedEx":true},{"IsPlayed":true,"IsPlayedEx":true,"IsCleared":true,"IsClearedEx":true,"IsGottenMedal00":true,"IsGottenMedal01":true,"IsGottenMedal02":true,"IsGottenTriple":true,"HighScore":5020,"HighScoreEx":2905,"IsShowedEx":true},{"IsPlayed":true,"IsPlayedEx":true,"IsCleared":true,"IsClearedEx":true,"IsGottenMedal00":true,"IsGottenMedal01":true,"IsGottenMedal02":true,"IsGottenTriple":true,"HighScore":4285,"HighScoreEx":2765,"IsShowedEx":true},{"IsPlayed":true,"IsPlayedEx":true,"IsCleared":true,"IsClearedEx":true,"IsGottenMedal00":true,"IsGottenMedal01":true,"IsGottenMedal02":true,"IsGottenTriple":true,"HighScore":2790,"HighScoreEx":3455,"IsShowedEx":true},{"IsPlayed":true,"IsPlayedEx":true,"IsCleared":true,"IsClearedEx":true,"IsGottenMedal00":true,"IsGottenMedal01":true,"IsGottenMedal02":true,"IsGottenTriple":true,"HighScore":3565,"HighScoreEx":1975,"IsShowedEx":true},{"IsPlayed":true,"IsPlayedEx":true,"IsCleared":true,"IsClearedEx":true,"IsGottenMedal00":true,"IsGottenMedal01":true,"IsGottenMedal02":true,"IsGottenTriple":true,"HighScore":3875,"HighScoreEx":1965,"IsShowedEx":true}],"_treasureIslandData":{"IsPlayed":true,"IsCleared":true,"IsGottenMedal00":true,"IsGottenMedal01":true,"IsGottenMedal02":true,"IsGottenMedal03":true,"IsGottenMedal04":true,"IsGottenMedal05":true,"IsGottenMedal06":true,"HighScore":7525},"_isPageOpen":[true,true,true,true,true,true,true,true,true,true],"_medalCount":99,"_tripleMedaledCount":30},"_achievement":{"_achievedDataArray":[{"AchievementKind":0,"IsAchieved":true,"IsChecked":true},{"AchievementKind":1,"IsAchieved":true,"IsChecked":true},{"AchievementKind":2,"IsAchieved":true,"IsChecked":true},{"AchievementKind":3,"IsAchieved":true,"IsChecked":true},{"AchievementKind":4,"IsAchieved":true,"IsChecked":true},{"AchievementKind":5,"IsAchieved":true,"IsChecked":true},{"AchievementKind":6,"IsAchieved":true,"IsChecked":true},{"AchievementKind":7,"IsAchieved":true,"IsChecked":true},{"AchievementKind":8,"IsAchieved":true,"IsChecked":true},{"AchievementKind":9,"IsAchieved":true,"IsChecked":true},{"AchievementKind":10,"IsAchieved":true,"IsChecked":true},{"AchievementKind":11,"IsAchieved":true,"IsChecked":true},{"AchievementKind":12,"IsAchieved":true,"IsChecked":true},{"AchievementKind":13,"IsAchieved":true,"IsChecked":true},{"AchievementKind":14,"IsAchieved":true,"IsChecked":true},{"AchievementKind":15,"IsAchieved":true,"IsChecked":true},{"AchievementKind":16,"IsAchieved":true,"IsChecked":true},{"AchievementKind":17,"IsAchieved":true,"IsChecked":true},{"AchievementKind":18,"IsAchieved":true,"IsChecked":true},{"AchievementKind":19,"IsAchieved":true,"IsChecked":true},{"AchievementKind":20,"IsAchieved":true,"IsChecked":true},{"AchievementKind":21,"IsAchieved":true,"IsChecked":true},{"AchievementKind":22,"IsAchieved":true,"IsChecked":true},{"AchievementKind":23,"IsAchieved":true,"IsChecked":true},{"AchievementKind":24,"IsAchieved":true,"IsChecked":true},{"AchievementKind":25,"IsAchieved":true,"IsChecked":true},{"AchievementKind":26,"IsAchieved":true,"IsChecked":true},{"AchievementKind":27,"IsAchieved":true,"IsChecked":true},{"AchievementKind":28,"IsAchieved":true,"IsChecked":false},{"AchievementKind":29,"IsAchieved":true,"IsChecked":true},{"AchievementKind":30,"IsAchieved":true,"IsChecked":true},{"AchievementKind":31,"IsAchieved":true,"IsChecked":true},{"AchievementKind":32,"IsAchieved":true,"IsChecked":true},{"AchievementKind":33,"IsAchieved":true,"IsChecked":true},{"AchievementKind":34,"IsAchieved":true,"IsChecked":true},{"AchievementKind":35,"IsAchieved":true,"IsChecked":true},{"AchievementKind":36,"IsAchieved":true,"IsChecked":true},{"AchievementKind":37,"IsAchieved":true,"IsChecked":true},{"AchievementKind":38,"IsAchieved":true,"IsChecked":true},{"AchievementKind":39,"IsAchieved":true,"IsChecked":true},{"AchievementKind":40,"IsAchieved":false,"IsChecked":false},{"AchievementKind":41,"IsAchieved":true,"IsChecked":true},{"AchievementKind":42,"IsAchieved":true,"IsChecked":true},{"AchievementKind":43,"IsAchieved":true,"IsChecked":true},{"AchievementKind":44,"IsAchieved":true,"IsChecked":true},{"AchievementKind":45,"IsAchieved":true,"IsChecked":true},{"AchievementKind":46,"IsAchieved":true,"IsChecked":true},{"AchievementKind":47,"IsAchieved":false,"IsChecked":false}],"_isLateAchievedWorkOnEarth":true,"_isLateAchievedEarthSaver":true,"_isLateAchievedMacadamiaNuts":true}}}