{"version":9,"progress":[[{"locked":false,"trophy":2,"highscore":15080},{"locked":false,"trophy":2,"highscore":14580},{"locked":false,"trophy":2,"highscore":15840},{"locked":false,"trophy":2,"highscore":15940},{"locked":false,"trophy":2,"highscore":15720},{"locked":false,"trophy":2,"highscore":14880},{"locked":false,"trophy":2,"highscore":14820},{"locked":false,"trophy":2,"highscore":16100}],[{"locked":false,"trophy":2,"highscore":16840},{"locked":false,"trophy":2,"highscore":15540},{"locked":false,"trophy":2,"highscore":14800},{"locked":false,"trophy":2,"highscore":14900},{"locked":false,"trophy":2,"highscore":15880},{"locked":false,"trophy":2,"highscore":15420},{"locked":false,"trophy":2,"highscore":14920},{"locked":false,"trophy":2,"highscore":14800}],[{"locked":false,"trophy":2,"highscore":16120},{"locked":false,"trophy":2,"highscore":15440},{"locked":false,"trophy":2,"highscore":14580},{"locked":false,"trophy":2,"highscore":14480},{"locked":false,"trophy":2,"highscore":15180},{"locked":false,"trophy":2,"highscore":15140},{"locked":false,"trophy":2,"highscore":14440},{"locked":false,"trophy":2,"highscore":15460}],[{"locked":false,"trophy":2,"highscore":15180},{"locked":false,"trophy":2,"highscore":16840},{"locked":false,"trophy":2,"highscore":14180},{"locked":false,"trophy":2,"highscore":14000},{"locked":false,"trophy":2,"highscore":15800},{"locked":false,"trophy":2,"highscore":14780},{"locked":false,"trophy":2,"highscore":15600},{"locked":false,"trophy":2,"highscore":15280}],[{"locked":false,"trophy":2,"highscore":15800},{"locked":false,"trophy":2,"highscore":14700},{"locked":false,"trophy":2,"highscore":16640},{"locked":false,"trophy":2,"highscore":14000},{"locked":false,"trophy":2,"highscore":16540},{"locked":false,"trophy":2,"highscore":14360},{"locked":false,"trophy":2,"highscore":16720},{"locked":false,"trophy":2,"highscore":15160}],[{"locked":false,"trophy":2,"highscore":16340},{"locked":false,"trophy":2,"highscore":15680},{"locked":false,"trophy":2,"highscore":14240},{"locked":false,"trophy":2,"highscore":15880},{"locked":false,"trophy":2,"highscore":15720},{"locked":false,"trophy":2,"highscore":15840},{"locked":false,"trophy":2,"highscore":15480},{"locked":false,"trophy":2,"highscore":17120}],[{"locked":false,"trophy":2,"highscore":15180},{"locked":false,"trophy":2,"highscore":15500},{"locked":false,"trophy":2,"highscore":14260},{"locked":false,"trophy":2,"highscore":17160},{"locked":false,"trophy":2,"highscore":13780},{"locked":false,"trophy":2,"highscore":15600},{"locked":false,"trophy":2,"highscore":14840},{"locked":false,"trophy":2,"highscore":14580}],[{"locked":false,"trophy":2,"highscore":14620},{"locked":false,"trophy":2,"highscore":15840},{"locked":false,"trophy":2,"highscore":17460},{"locked":false,"trophy":2,"highscore":14880},{"locked":false,"trophy":2,"highscore":16060},{"locked":false,"trophy":2,"highscore":16440},{"locked":false,"trophy":2,"highscore":17500},{"locked":false,"trophy":2,"highscore":15100}],[{"locked":false,"trophy":2,"highscore":13980},{"locked":false,"trophy":2,"highscore":14220},{"locked":false,"trophy":2,"highscore":15740},{"locked":false,"trophy":2,"highscore":13720},{"locked":false,"trophy":2,"highscore":15760},{"locked":false,"trophy":2,"highscore":13980},{"locked":false,"trophy":2,"highscore":14240},{"locked":false,"trophy":2,"highscore":15160}],[{"locked":false,"trophy":2,"highscore":16080},{"locked":false,"trophy":2,"highscore":16580},{"locked":false,"trophy":2,"highscore":16020},{"locked":false,"trophy":2,"highscore":15220},{"locked":false,"trophy":2,"highscore":14180},{"locked":false,"trophy":2,"highscore":17840},{"locked":false,"trophy":2,"highscore":16780},{"locked":false,"trophy":2,"highscore":17140}],[{"locked":false,"trophy":2,"highscore":17080},{"locked":false,"trophy":2,"highscore":16560},{"locked":false,"trophy":2,"highscore":15140},{"locked":false,"trophy":2,"highscore":19200},{"locked":false,"trophy":2,"highscore":15720},{"locked":false,"trophy":2,"highscore":16620},{"locked":false,"trophy":2,"highscore":15260},{"locked":false,"trophy":2,"highscore":35160}]],"currentLevel":{"world":7,"level":0},"bonusCurrent":{"world":2,"level":7},"cutscenes":{"intro_movie":true,"intro_1-1":true,"intro_2-1":true,"intro_3-1":true,"intro_4-1":true,"intro_5-1":true,"intro_6-1":true,"ending_movie":true,"credits":true,"intro_x-1":true},"unlocks":{"totalGoldTrophies":88,"totalLevelsPlayed":88,"mainGameCompleteDialogShow":false,"expertLevelsCompleteDialogShow":false,"allGoldTrophiesDialogShow":true,"unlockBonusLevelsDialogShow":false},"checksum":"0c513b0f9f2d4846a29a9e7d229bd584"}