{"version":16,"status":[{"platformType":0,"postID":null,"body":null,"dateCreated":null,"yeahs":0,"yeahed":false,"miiExpression":0,"posterID":0,"regionID":0,"played":false,"trophy":3,"replyCount":0},{"platformType":0,"postID":null,"body":null,"dateCreated":null,"yeahs":0,"yeahed":false,"miiExpression":0,"posterID":0,"regionID":0,"played":false,"trophy":3,"replyCount":0},{"platformType":0,"postID":null,"body":null,"dateCreated":null,"yeahs":0,"yeahed":false,"miiExpression":0,"posterID":0,"regionID":0,"played":false,"trophy":3,"replyCount":0},{"platformType":0,"postID":null,"body":null,"dateCreated":null,"yeahs":0,"yeahed":false,"miiExpression":0,"posterID":0,"regionID":0,"played":false,"trophy":3,"replyCount":0},{"platformType":0,"postID":null,"body":null,"dateCreated":null,"yeahs":0,"yeahed":false,"miiExpression":0,"posterID":0,"regionID":0,"played":false,"trophy":3,"replyCount":0},{"platformType":0,"postID":null,"body":null,"dateCreated":null,"yeahs":0,"yeahed":false,"miiExpression":0,"posterID":0,"regionID":0,"played":false,"trophy":3,"replyCount":0},{"platformType":0,"postID":null,"body":null,"dateCreated":null,"yeahs":0,"yeahed":false,"miiExpression":0,"posterID":0,"regionID":0,"played":false,"trophy":3,"replyCount":0},{"platformType":0,"postID":null,"body":null,"dateCreated":null,"yeahs":0,"yeahed":false,"miiExpression":0,"posterID":0,"regionID":0,"played":false,"trophy":3,"replyCount":0},{"platformType":0,"postID":null,"body":null,"dateCreated":null,"yeahs":0,"yeahed":false,"miiExpression":0,"posterID":0,"regionID":0,"played":false,"trophy":3,"replyCount":0},{"platformType":0,"postID":null,"body":null,"dateCreated":null,"yeahs":0,"yeahed":false,"miiExpression":0,"posterID":0,"regionID":0,"played":false,"trophy":3,"replyCount":0},{"platformType":0,"postID":null,"body":null,"dateCreated":null,"yeahs":0,"yeahed":false,"miiExpression":0,"posterID":0,"regionID":0,"played":false,"trophy":3,"replyCount":0},{"platformType":0,"postID":null,"body":null,"dateCreated":null,"yeahs":0,"yeahed":false,"miiExpression":0,"posterID":0,"regionID":0,"played":false,"trophy":3,"replyCount":0},{"platformType":0,"postID":null,"body":null,"dateCreated":null,"yeahs":0,"yeahed":false,"miiExpression":0,"posterID":0,"regionID":0,"played":false,"trophy":3,"replyCount":0},{"platformType":0,"postID":null,"body":null,"dateCreated":null,"yeahs":0,"yeahed":false,"miiExpression":0,"posterID":0,"regionID":0,"played":false,"trophy":3,"replyCount":0},{"platformType":0,"postID":null,"body":null,"dateCreated":null,"yeahs":0,"yeahed":false,"miiExpression":0,"posterID":0,"regionID":0,"played":false,"trophy":3,"replyCount":0},{"platformType":0,"postID":null,"body":null,"dateCreated":null,"yeahs":0,"yeahed":false,"miiExpression":0,"posterID":0,"regionID":0,"played":false,"trophy":3,"replyCount":0},{"platformType":0,"postID":null,"body":null,"dateCreated":null,"yeahs":0,"yeahed":false,"miiExpression":0,"posterID":0,"regionID":0,"played":false,"trophy":3,"replyCount":0},{"platformType":0,"postID":null,"body":null,"dateCreated":null,"yeahs":0,"yeahed":false,"miiExpression":0,"posterID":0,"regionID":0,"played":false,"trophy":3,"replyCount":0},{"platformType":0,"postID":null,"body":null,"dateCreated":null,"yeahs":0,"yeahed":false,"miiExpression":0,"posterID":0,"regionID":0,"played":false,"trophy":3,"replyCount":0},{"platformType":0,"postID":null,"body":null,"dateCreated":null,"yeahs":0,"yeahed":false,"miiExpression":0,"posterID":0,"regionID":0,"played":false,"trophy":3,"replyCount":0},{"platformType":0,"postID":null,"body":null,"dateCreated":null,"yeahs":0,"yeahed":false,"miiExpression":0,"posterID":0,"regionID":0,"played":false,"trophy":3,"replyCount":0},{"platformType":0,"postID":null,"body":null,"dateCreated":null,"yeahs":0,"yeahed":false,"miiExpression":0,"posterID":0,"regionID":0,"played":false,"trophy":3,"replyCount":0},{"platformType":0,"postID":null,"body":null,"dateCreated":null,"yeahs":0,"yeahed":false,"miiExpression":0,"posterID":0,"regionID":0,"played":false,"trophy":3,"replyCount":0},{"platformType":0,"postID":null,"body":null,"dateCreated":null,"yeahs":0,"yeahed":false,"miiExpression":0,"posterID":0,"regionID":0,"played":false,"trophy":3,"replyCount":0},{"platformType":0,"postID":null,"body":null,"dateCreated":null,"yeahs":0,"yeahed":false,"miiExpression":0,"posterID":0,"regionID":0,"played":false,"trophy":3,"replyCount":0},{"platformType":0,"postID":null,"body":null,"dateCreated":null,"yeahs":0,"yeahed":false,"miiExpression":0,"posterID":0,"regionID":0,"played":false,"trophy":3,"replyCount":0},{"platformType":0,"postID":null,"body":null,"dateCreated":null,"yeahs":0,"yeahed":false,"miiExpression":0,"posterID":0,"regionID":0,"played":false,"trophy":3,"replyCount":0},{"platformType":0,"postID":null,"body":null,"dateCreated":null,"yeahs":0,"yeahed":false,"miiExpression":0,"posterID":0,"regionID":0,"played":false,"trophy":3,"replyCount":0},{"platformType":0,"postID":null,"body":null,"dateCreated":null,"yeahs":0,"yeahed":false,"miiExpression":0,"posterID":0,"regionID":0,"played":false,"trophy":3,"replyCount":0},{"platformType":0,"postID":null,"body":null,"dateCreated":null,"yeahs":0,"yeahed":false,"miiExpression":0,"posterID":0,"regionID":0,"played":false,"trophy":3,"replyCount":0},{"platformType":0,"postID":null,"body":null,"dateCreated":null,"yeahs":0,"yeahed":false,"miiExpression":0,"posterID":0,"regionID":0,"played":false,"trophy":3,"replyCount":0},{"platformType":0,"postID":null,"body":null,"dateCreated":null,"yeahs":0,"yeahed":false,"miiExpression":0,"posterID":0,"regionID":0,"played":false,"trophy":3,"replyCount":0},{"platformType":0,"postID":null,"body":null,"dateCreated":null,"yeahs":0,"yeahed":false,"miiExpression":0,"posterID":0,"regionID":0,"played":false,"trophy":3,"replyCount":0},{"platformType":0,"postID":null,"body":null,"dateCreated":null,"yeahs":0,"yeahed":false,"miiExpression":0,"posterID":0,"regionID":0,"played":false,"trophy":3,"replyCount":0},{"platformType":0,"postID":null,"body":null,"dateCreated":null,"yeahs":0,"yeahed":false,"miiExpression":0,"posterID":0,"regionID":0,"played":false,"trophy":3,"replyCount":0},{"platformType":0,"postID":null,"body":null,"dateCreated":null,"yeahs":0,"yeahed":false,"miiExpression":0,"posterID":0,"regionID":0,"played":false,"trophy":3,"replyCount":0},{"platformType":0,"postID":null,"body":null,"dateCreated":null,"yeahs":0,"yeahed":false,"miiExpression":0,"posterID":0,"regionID":0,"played":false,"trophy":3,"replyCount":0},{"platformType":0,"postID":null,"body":null,"dateCreated":null,"yeahs":0,"yeahed":false,"miiExpression":0,"posterID":0,"regionID":0,"played":false,"trophy":3,"replyCount":0},{"platformType":0,"postID":null,"body":null,"dateCreated":null,"yeahs":0,"yeahed":false,"miiExpression":0,"posterID":0,"regionID":0,"played":false,"trophy":3,"replyCount":0},{"platformType":0,"postID":null,"body":null,"dateCreated":null,"yeahs":0,"yeahed":false,"miiExpression":0,"posterID":0,"regionID":0,"played":false,"trophy":3,"replyCount":0},{"platformType":0,"postID":null,"body":null,"dateCreated":null,"yeahs":0,"yeahed":false,"miiExpression":0,"posterID":0,"regionID":0,"played":false,"trophy":3,"replyCount":0},{"platformType":0,"postID":null,"body":null,"dateCreated":null,"yeahs":0,"yeahed":false,"miiExpression":0,"posterID":0,"regionID":0,"played":false,"trophy":3,"replyCount":0},{"platformType":0,"postID":null,"body":null,"dateCreated":null,"yeahs":0,"yeahed":false,"miiExpression":0,"posterID":0,"regionID":0,"played":false,"trophy":3,"replyCount":0},{"platformType":0,"postID":null,"body":null,"dateCreated":null,"yeahs":0,"yeahed":false,"miiExpression":0,"posterID":0,"regionID":0,"played":false,"trophy":3,"replyCount":0},{"platformType":0,"postID":null,"body":null,"dateCreated":null,"yeahs":0,"yeahed":false,"miiExpression":0,"posterID":0,"regionID":0,"played":false,"trophy":3,"replyCount":0},{"platformType":0,"postID":null,"body":null,"dateCreated":null,"yeahs":0,"yeahed":false,"miiExpression":0,"posterID":0,"regionID":0,"played":false,"trophy":3,"replyCount":0},{"platformType":0,"postID":null,"body":null,"dateCreated":null,"yeahs":0,"yeahed":false,"miiExpression":0,"posterID":0,"regionID":0,"played":false,"trophy":3,"replyCount":0},{"platformType":0,"postID":null,"body":null,"dateCreated":null,"yeahs":0,"yeahed":false,"miiExpression":0,"posterID":0,"regionID":0,"played":false,"trophy":3,"replyCount":0},{"platformType":0,"postID":null,"body":null,"dateCreated":null,"yeahs":0,"yeahed":false,"miiExpression":0,"posterID":0,"regionID":0,"played":false,"trophy":3,"replyCount":0},{"platformType":0,"postID":null,"body":null,"dateCreated":null,"yeahs":0,"yeahed":false,"miiExpression":0,"posterID":0,"regionID":0,"played":false,"trophy":3,"replyCount":0}],"progress":{"stampoints":0,"tipSession":0,"starbucks":264,"communityEntered":false,"permissionAsked":true,"permissionGranted":false},"stampUnlockedStatus":[false,false,false,false,false,false,false,false,false,false,false,false,false,false,false,false,false,false,false,false,false,false,false,false,false,false,false,false,false,false,false,false,false,false,false,false,false,false,false,false,false,false,false,false,false,false,false,false,false,false,false,false,false,false,false,false,false,false,false,false,false,false,false,false,false,false,false,false,false,false,false,false,false,false,false,false,false,false,false,false,false,false,false,false,false,false,false,false,false,false,false,false,false,false,false,false,false,false,false,false],"checksum":"201fa3af2bf785aa6bb17144466add72"}