{"version":14,"status":[{"shared":false,"tested":false,"postID":null,"levelPrimaryDataID":null,"levelSecondaryDataID":null,"body":null,"dateCreated":null,"yeahs":0,"miiExpression":0,"replyCount":0},{"shared":false,"tested":false,"postID":null,"levelPrimaryDataID":null,"levelSecondaryDataID":null,"body":null,"dateCreated":null,"yeahs":0,"miiExpression":0,"replyCount":0},{"shared":false,"tested":false,"postID":null,"levelPrimaryDataID":null,"levelSecondaryDataID":null,"body":null,"dateCreated":null,"yeahs":0,"miiExpression":0,"replyCount":0},{"shared":false,"tested":false,"postID":null,"levelPrimaryDataID":null,"levelSecondaryDataID":null,"body":null,"dateCreated":null,"yeahs":0,"miiExpression":0,"replyCount":0},{"shared":false,"tested":false,"postID":null,"levelPrimaryDataID":null,"levelSecondaryDataID":null,"body":null,"dateCreated":null,"yeahs":0,"miiExpression":0,"replyCount":0},{"shared":false,"tested":false,"postID":null,"levelPrimaryDataID":null,"levelSecondaryDataID":null,"body":null,"dateCreated":null,"yeahs":0,"miiExpression":0,"replyCount":0},{"shared":false,"tested":false,"postID":null,"levelPrimaryDataID":null,"levelSecondaryDataID":null,"body":null,"dateCreated":null,"yeahs":0,"miiExpression":0,"replyCount":0},{"shared":false,"tested":false,"postID":null,"levelPrimaryDataID":null,"levelSecondaryDataID":null,"body":null,"dateCreated":null,"yeahs":0,"miiExpression":0,"replyCount":0},{"shared":false,"tested":false,"postID":null,"levelPrimaryDataID":null,"levelSecondaryDataID":null,"body":null,"dateCreated":null,"yeahs":0,"miiExpression":0,"replyCount":0},{"shared":false,"tested":false,"postID":null,"levelPrimaryDataID":null,"levelSecondaryDataID":null,"body":null,"dateCreated":null,"yeahs":0,"miiExpression":0,"replyCount":0},{"shared":false,"tested":false,"postID":null,"levelPrimaryDataID":null,"levelSecondaryDataID":null,"body":null,"dateCreated":null,"yeahs":0,"miiExpression":0,"replyCount":0},{"shared":false,"tested":false,"postID":null,"levelPrimaryDataID":null,"levelSecondaryDataID":null,"body":null,"dateCreated":null,"yeahs":0,"miiExpression":0,"replyCount":0},{"shared":false,"tested":false,"postID":null,"levelPrimaryDataID":null,"levelSecondaryDataID":null,"body":null,"dateCreated":null,"yeahs":0,"miiExpression":0,"replyCount":0},{"shared":false,"tested":false,"postID":null,"levelPrimaryDataID":null,"levelSecondaryDataID":null,"body":null,"dateCreated":null,"yeahs":0,"miiExpression":0,"replyCount":0},{"shared":false,"tested":false,"postID":null,"levelPrimaryDataID":null,"levelSecondaryDataID":null,"body":null,"dateCreated":null,"yeahs":0,"miiExpression":0,"replyCount":0},{"shared":false,"tested":false,"postID":null,"levelPrimaryDataID":null,"levelSecondaryDataID":null,"body":null,"dateCreated":null,"yeahs":0,"miiExpression":0,"replyCount":0},{"shared":false,"tested":false,"postID":null,"levelPrimaryDataID":null,"levelSecondaryDataID":null,"body":null,"dateCreated":null,"yeahs":0,"miiExpression":0,"replyCount":0},{"shared":false,"tested":false,"postID":null,"levelPrimaryDataID":null,"levelSecondaryDataID":null,"body":null,"dateCreated":null,"yeahs":0,"miiExpression":0,"replyCount":0},{"shared":false,"tested":false,"postID":null,"levelPrimaryDataID":null,"levelSecondaryDataID":null,"body":null,"dateCreated":null,"yeahs":0,"miiExpression":0,"replyCount":0},{"shared":false,"tested":false,"postID":null,"levelPrimaryDataID":null,"levelSecondaryDataID":null,"body":null,"dateCreated":null,"yeahs":0,"miiExpression":0,"replyCount":0},{"shared":false,"tested":false,"postID":null,"levelPrimaryDataID":null,"levelSecondaryDataID":null,"body":null,"dateCreated":null,"yeahs":0,"miiExpression":0,"replyCount":0},{"shared":false,"tested":false,"postID":null,"levelPrimaryDataID":null,"levelSecondaryDataID":null,"body":null,"dateCreated":null,"yeahs":0,"miiExpression":0,"replyCount":0},{"shared":false,"tested":false,"postID":null,"levelPrimaryDataID":null,"levelSecondaryDataID":null,"body":null,"dateCreated":null,"yeahs":0,"miiExpression":0,"replyCount":0},{"shared":false,"tested":false,"postID":null,"levelPrimaryDataID":null,"levelSecondaryDataID":null,"body":null,"dateCreated":null,"yeahs":0,"miiExpression":0,"replyCount":0},{"shared":false,"tested":false,"postID":null,"levelPrimaryDataID":null,"levelSecondaryDataID":null,"body":null,"dateCreated":null,"yeahs":0,"miiExpression":0,"replyCount":0},{"shared":false,"tested":false,"postID":null,"levelPrimaryDataID":null,"levelSecondaryDataID":null,"body":null,"dateCreated":null,"yeahs":0,"miiExpression":0,"replyCount":0},{"shared":false,"tested":false,"postID":null,"levelPrimaryDataID":null,"levelSecondaryDataID":null,"body":null,"dateCreated":null,"yeahs":0,"miiExpression":0,"replyCount":0},{"shared":false,"tested":false,"postID":null,"levelPrimaryDataID":null,"levelSecondaryDataID":null,"body":null,"dateCreated":null,"yeahs":0,"miiExpression":0,"replyCount":0},{"shared":false,"tested":false,"postID":null,"levelPrimaryDataID":null,"levelSecondaryDataID":null,"body":null,"dateCreated":null,"yeahs":0,"miiExpression":0,"replyCount":0},{"shared":false,"tested":false,"postID":null,"levelPrimaryDataID":null,"levelSecondaryDataID":null,"body":null,"dateCreated":null,"yeahs":0,"miiExpression":0,"replyCount":0},{"shared":false,"tested":false,"postID":null,"levelPrimaryDataID":null,"levelSecondaryDataID":null,"body":null,"dateCreated":null,"yeahs":0,"miiExpression":0,"replyCount":0},{"shared":false,"tested":false,"postID":null,"levelPrimaryDataID":null,"levelSecondaryDataID":null,"body":null,"dateCreated":null,"yeahs":0,"miiExpression":0,"replyCount":0},{"shared":false,"tested":false,"postID":null,"levelPrimaryDataID":null,"levelSecondaryDataID":null,"body":null,"dateCreated":null,"yeahs":0,"miiExpression":0,"replyCount":0},{"shared":false,"tested":false,"postID":null,"levelPrimaryDataID":null,"levelSecondaryDataID":null,"body":null,"dateCreated":null,"yeahs":0,"miiExpression":0,"replyCount":0},{"shared":false,"tested":false,"postID":null,"levelPrimaryDataID":null,"levelSecondaryDataID":null,"body":null,"dateCreated":null,"yeahs":0,"miiExpression":0,"replyCount":0},{"shared":false,"tested":false,"postID":null,"levelPrimaryDataID":null,"levelSecondaryDataID":null,"body":null,"dateCreated":null,"yeahs":0,"miiExpression":0,"replyCount":0},{"shared":false,"tested":false,"postID":null,"levelPrimaryDataID":null,"levelSecondaryDataID":null,"body":null,"dateCreated":null,"yeahs":0,"miiExpression":0,"replyCount":0},{"shared":false,"tested":false,"postID":null,"levelPrimaryDataID":null,"levelSecondaryDataID":null,"body":null,"dateCreated":null,"yeahs":0,"miiExpression":0,"replyCount":0},{"shared":false,"tested":false,"postID":null,"levelPrimaryDataID":null,"levelSecondaryDataID":null,"body":null,"dateCreated":null,"yeahs":0,"miiExpression":0,"replyCount":0},{"shared":false,"tested":false,"postID":null,"levelPrimaryDataID":null,"levelSecondaryDataID":null,"body":null,"dateCreated":null,"yeahs":0,"miiExpression":0,"replyCount":0},{"shared":false,"tested":false,"postID":null,"levelPrimaryDataID":null,"levelSecondaryDataID":null,"body":null,"dateCreated":null,"yeahs":0,"miiExpression":0,"replyCount":0},{"shared":false,"tested":false,"postID":null,"levelPrimaryDataID":null,"levelSecondaryDataID":null,"body":null,"dateCreated":null,"yeahs":0,"miiExpression":0,"replyCount":0},{"shared":false,"tested":false,"postID":null,"levelPrimaryDataID":null,"levelSecondaryDataID":null,"body":null,"dateCreated":null,"yeahs":0,"miiExpression":0,"replyCount":0},{"shared":false,"tested":false,"postID":null,"levelPrimaryDataID":null,"levelSecondaryDataID":null,"body":null,"dateCreated":null,"yeahs":0,"miiExpression":0,"replyCount":0},{"shared":false,"tested":false,"postID":null,"levelPrimaryDataID":null,"levelSecondaryDataID":null,"body":null,"dateCreated":null,"yeahs":0,"miiExpression":0,"replyCount":0},{"shared":false,"tested":false,"postID":null,"levelPrimaryDataID":null,"levelSecondaryDataID":null,"body":null,"dateCreated":null,"yeahs":0,"miiExpression":0,"replyCount":0},{"shared":false,"tested":false,"postID":null,"levelPrimaryDataID":null,"levelSecondaryDataID":null,"body":null,"dateCreated":null,"yeahs":0,"miiExpression":0,"replyCount":0},{"shared":false,"tested":false,"postID":null,"levelPrimaryDataID":null,"levelSecondaryDataID":null,"body":null,"dateCreated":null,"yeahs":0,"miiExpression":0,"replyCount":0},{"shared":false,"tested":false,"postID":null,"levelPrimaryDataID":null,"levelSecondaryDataID":null,"body":null,"dateCreated":null,"yeahs":0,"miiExpression":0,"replyCount":0},{"shared":false,"tested":false,"postID":null,"levelPrimaryDataID":null,"levelSecondaryDataID":null,"body":null,"dateCreated":null,"yeahs":0,"miiExpression":0,"replyCount":0}],"profile":{"dataID":null,"yeahsReceivedCount":0,"commentsGivenCount":0,"tipsGivenCount":0,"levelsSharedCount":0,"unsharedYeahCount":0,"shopUnlocks":0,"newShopUnlocks":0},"tipBucket":{"dataID":null},"checksum":"a2de664bc431d23e5b3e922674d35257"}